{
    "ionic_radius": 0.64,
    "optimized_frac_coords": [
        2.1485482360694708e-16,
        0.00013288889402292343,
        0.5405197166081508
    ],
    "point_group": "3m",
    "coordination": {
        "cn_4_neighbors": [
            "Sb",
            "Te",
            "Te",
            "Te"
        ],
        "distances": [
            2.023682916027473,
            2.5057058654124678,
            2.506197015257032,
            2.506688068867778
        ],
        "average_dist": 2.3855684663911876,
        "distortion_index_sigma2": 402.42668285193463
    },
    "energetics_proxy": {
        "steric_overlap_factor": 3.1620045562929264,
        "reasoning": "Steric Factor 3.16. Spacious."
    },
    "files": [
        "V_tet_x0.01.xyz",
        "V_tet_x0.05.xyz"
    ]
}